{"cameraMode":{"drawMode":0,"name":"Shaded","section":"Shading Mode"},"sceneLighting":true,"audioPlay":false,"sceneViewState":{"showFog":true,"showMaterialUpdate":false,"showSkybox":true,"showFlares":true,"showImageEffects":true,"showParticleSystems":true},"in2DMode":false,"pivot":{"x":2.6053831577301027,"y":-1.1377360820770264,"z":0.5870688557624817},"rotation":{"x":0.09934309870004654,"y":0.7741389870643616,"z":-0.12557338178157807,"w":0.6124348044395447},"size":15.435540199279786,"orthographic":false}